Any,Ecclestone,aecclestone0@nydailynews.com,520-527-7450
Babita,Goward,bgoward1@uiuc.edu,947-339-2526
Margit,Gehrels,mgehrels2@miitbeian.gov.cn,623-370-1410
Mallorie,Sillars,msillars3@xrea.com,353-219-1004
Phylis,Bough,pbough4@blogtalkradio.com,487-693-1507
Karolina,Whytock,kwhytock5@yandex.ru,415-187-9833
Grenville,Osmint,gosmint6@mit.edu,593-544-0138
Fleming,Edginton,fedginton7@skype.com,807-603-6900
Paige,Huxley,phuxley8@tripadvisor.com,335-279-1898
Giustino,McMenamy,gmcmenamy9@walmart.com,115-498-2093
Kirbee,Woodworth,kwoodwortha@domainmarket.com,958-220-0950
Haydon,Stebbins,hstebbinsb@freewebs.com,905-971-8299
Helge,Paulich,hpaulichc@fastcompany.com,427-340-8515
Hakeem,Lorand,hlorandd@scientificamerican.com,573-866-0693
Elsa,Broadbent,ebroadbente@cafepress.com,124-148-0758
Del,Braffington,dbraffingtonf@skyrock.com,692-477-7253
Alina,Skewis,askewisg@usatoday.com,251-649-7563
Fraze,Ebrall,febrallh@stumbleupon.com,516-561-3830
Basia,Buffin,bbuffini@shutterfly.com,681-948-0994
Binnie,Bearman,bbearmanj@baidu.com,671-656-7969
Clint,Sansbury,csansburyk@cdbaby.com,708-609-4816
Lurette,Bridel,lbridell@opensource.org,112-695-6227
Sutton,Mathouse,smathousem@typepad.com,287-708-2233
Bram,Vedishchev,bvedishchevn@arizona.edu,597-719-3417
Aube,Dockery,adockeryo@blinklist.com,970-332-9831
Malissa,Lepoidevin,mlepoidevinp@illinois.edu,301-815-5373
Neila,Carlone,ncarloneq@plala.or.jp,229-500-4502
Godart,Lemmers,glemmersr@123-reg.co.uk,832-488-1969
Jesselyn,Gretton,jgrettons@istockphoto.com,195-167-3085
Derwin,Chicchetto,dchicchettot@sohu.com,530-677-0513
Bell,Marcham,bmarchamu@issuu.com,774-881-5863
Cyndie,Reedman,creedmanv@tuttocitta.it,847-407-0172
Austin,Chaytor,achaytorw@livejournal.com,215-372-8136
Martino,Hurrell,mhurrellx@ihg.com,294-578-6641
Abey,Currum,acurrumy@delicious.com,531-786-6950
Armin,De L'Isle,adelislez@prweb.com,487-954-5173
Jorgan,Corradi,jcorradi10@pen.io,727-734-7166
Bay,Sizland,bsizland11@skype.com,220-935-2856
Erie,Boyle,eboyle12@craigslist.org,630-774-8099
Dodie,Aumerle,daumerle13@discuz.net,382-483-4193
Hervey,Eilhersen,heilhersen14@webmd.com,773-570-9100
Elliot,Bickmore,ebickmore15@cdc.gov,718-216-5795
Hadria,Tolemache,htolemache16@rambler.ru,615-177-5485
Kenton,Large,klarge17@google.ca,728-707-9495
Juli,Prestney,jprestney18@yandex.ru,242-445-0096
Sumner,Rendbaek,srendbaek19@furl.net,229-643-3574
Joellyn,Halcro,jhalcro1a@hatena.ne.jp,118-402-4910
Noami,Dunning,ndunning1b@cbsnews.com,362-151-6424
Carolyne,Huygen,chuygen1c@deviantart.com,194-198-5758
Gianina,Gonning,ggonning1d@printfriendly.com,875-594-1966
Larina,Willimott,lwillimott1e@apple.com,263-613-1574
Alessandra,Kornel,akornel1f@rambler.ru,297-134-1653
Pierre,Beecraft,pbeecraft1g@blogs.com,304-919-6549
Stefa,Roaf,sroaf1h@bigcartel.com,279-831-0207
Loydie,Keam,lkeam1i@marketwatch.com,438-393-4282
Tally,Ciani,tciani1j@usa.gov,680-622-0286
Janessa,Bausor,jbausor1k@stumbleupon.com,757-665-5143
Bruis,Dowson,bdowson1l@technorati.com,403-627-4936
Gunar,MacMoyer,gmacmoyer1m@tumblr.com,930-140-7395
Marjory,Putten,mputten1n@oakley.com,721-653-4886
Yettie,Leitche,yleitche1o@cisco.com,789-124-3122
Sarene,Baynard,sbaynard1p@edublogs.org,209-862-8298
Merrielle,MacAulay,mmacaulay1q@accuweather.com,208-231-3691
Delilah,Allcorn,dallcorn1r@indiatimes.com,680-142-6306
Lyn,Cargenven,lcargenven1s@cnet.com,925-918-5766
Umeko,Ede,uede1t@friendfeed.com,405-606-1956
Alexi,Gregory,agregory1u@bravesites.com,626-472-6370
Dalenna,Doerrling,ddoerrling1v@unblog.fr,683-424-0108
Risa,Byre,rbyre1w@list-manage.com,347-498-5724
Jacobo,Freyne,jfreyne1x@mayoclinic.com,448-189-9865
Hildagard,Crossman,hcrossman1y@symantec.com,495-922-4885
Ulrick,Woloschin,uwoloschin1z@yellowpages.com,447-132-9267
Kellen,Kitcherside,kkitcherside20@mail.ru,978-188-9475
Bartel,Croose,bcroose21@a8.net,888-290-3489
Deni,Abella,dabella22@omniture.com,614-916-0584
Esteban,MacMearty,emacmearty23@exblog.jp,767-322-2731
Janeta,Jarlmann,jjarlmann24@4shared.com,720-475-1233
Lyn,Wallbridge,lwallbridge25@w3.org,190-355-0638
Becky,Cerith,bcerith26@hp.com,974-451-4461
Fanya,Yoslowitz,fyoslowitz27@ucoz.com,519-875-9733
Cathlene,Bremley,cbremley28@arstechnica.com,492-505-1479
Elle,Taffrey,etaffrey29@ebay.com,198-811-6084
Hayward,Laurenceau,hlaurenceau2a@youtu.be,881-702-6653
Jae,Camacke,jcamacke2b@booking.com,970-372-9259
Lindie,Yankishin,lyankishin2c@ca.gov,443-188-6661
Jasper,Featherstonhaugh,jfeatherstonhaugh2d@google.fr,690-830-3069
Sybilla,Hedger,shedger2e@so-net.ne.jp,410-978-5501
Bride,Wyant,bwyant2f@multiply.com,450-471-4289
Arv,Woodfin,awoodfin2g@cafepress.com,542-111-2619
Eartha,Greger,egreger2h@drupal.org,845-174-0523
Filide,Tsar,ftsar2i@pen.io,446-234-3379
Dedie,Mayoral,dmayoral2j@ehow.com,241-414-3490
Annora,Avramchik,aavramchik2k@homestead.com,633-571-4990
Fae,Foster-Smith,ffostersmith2l@nba.com,783-180-6929
Ofelia,Milleton,omilleton2m@phoca.cz,409-155-4029
Carita,Croxford,ccroxford2n@barnesandnoble.com,616-726-4722
Harlie,Mannock,hmannock2o@blinklist.com,640-850-0495
Phoebe,Swaile,pswaile2p@wix.com,325-466-8538
Cori,Harpin,charpin2q@wordpress.com,456-591-8688
Monty,Fuzzard,mfuzzard2r@icio.us,431-605-3226
